,Damping ratio,natural freq,damped freq,time-to,time constant,cycles-to
Short,0.3009506304134086,3.726420565806795,3.553662669847257,0.6180709554839404,0.891687902394184,0.3495704128462253
Phugoid,0.08788902064558778,0.07474934264740324,0.08788902064558778,105.5075305096138,152.21519104266085,1.250337066663984
