,Damping ratio,natural freq,damped freq,time-to,time constant,cycles-to
Phugoid Approx,0.09227854625576684,0.05169001163676895,0.05146946236455704,145.31755662983238,209.6489183039603,1.1903861093070205
