,Damping ratio,natural freq,damped freq,time-to,time constant,cycles-to
Short Approx,0.3020042513874873,3.7196438785986237,3.5459609782332824,0.6170367660377147,0.8901958824087747,0.3482291524976758
